{"lons":[-1.7535308,-1.7531301,-1.7519139,-1.750819,-1.7500408,-1.7500408,-1.7473206,-1.7461798,-1.7448112,-1.7471729,-1.7423446,-1.7429318,-1.7429318,-1.7454957,-1.7454957,-1.7458302,-1.7468093,-1.7464935,-1.7466589,-1.7466589,-1.7472946,-1.7465127,-1.7471976,-1.7471976,-1.7531393,-1.7471976,-1.7514914,-1.7514914,-1.7564894,-1.7514914,-1.7506958,-1.751643,-1.751643,-1.751643,-1.751643,-1.751643,-1.751643,-1.7550355,-1.7559567,-1.7549953,-1.7531393,-1.753536,-1.7535431,-1.7535437,-1.7535431,-1.7535362,-1.7535308],"pm25":["NaN",3.0,4.0,3.0,"NaN","NaN","NaN","NaN","NaN","NaN","NaN",3.0,"NaN","NaN","NaN","NaN","NaN","NaN","NaN","NaN","NaN","NaN",3.0,"NaN","NaN",3.0,3.0,"NaN","NaN","NaN","NaN","NaN","NaN",4.0,"NaN","NaN","NaN","NaN","NaN","NaN","NaN",2.0,2.0,3.0,3.0,3.0,3.0],"lats":[53.9154699,53.9151189,53.9142596,53.913996,53.9136127,53.9136127,53.9133294,53.9131213,53.9128323,53.9132998,53.9124398,53.9119128,53.9119128,53.9123385,53.9123385,53.9129439,53.9132613,53.9139107,53.914503,53.914503,53.914242,53.9167131,53.9174964,53.9174964,53.9151262,53.9174964,53.916773,53.916773,53.9173798,53.916773,53.9218535,53.9214158,53.9214158,53.9214158,53.9214158,53.9214158,53.9214158,53.9174067,53.9166464,53.9163424,53.9151262,53.9154651,53.9154532,53.9154542,53.9154532,53.9154462,53.9154572]}